AnonAppName,BlobBytes
0brvghkm,63157864.0
0rlgux4l,11038968277.0
1i50bdsg,14328.0
39kl45rp,17959049.0
475fmqap,11558833.0
4m9mh4rs,2624.0
4sbvr8o7,603773.0
4w6txiaf,348412.0
59or1y5l,6587849.0
60181e24,14964471.0
62me5hxt,4705454.0
7lyhtdvu,488189672.0
7mvqotqs,26899844957.0
89hv12ya,37841366.0
91q6b9vk,113777.0
982kqes3,80.0
9pukp13f,68071731.0
dbjf9b4x,1166.0
f222899g,40.0
f3bcucww,10560.0
g00uosvs,19228.0
hhjfwspd,41215461.0
i2v0qbme,20172.0
ic60dqft,1595687.0
ijfef68n,614204.0
iu3qpi0v,5958648411.0
j744mg7i,31680.0
l1ctt0ii,7272820778.0
leqogll9,449130.0
mhiai9qv,2652450295.0
n0vl60ik,27778.0
nf1g0re8,10560.0
oglm3xug,684768.0
p2etftx5,5934800.0
p8b20vrw,4447331619.0
qnctfp92,758.0
s2x847ot,1373609.0
tk3oud99,5027367.0
tk4hn5ld,30808411.0
tnjs0hbu,303327.0
tvcgh1i3,14775.0
tvyvxm7o,842953095.0
uudo1at7,4214759.0
vlxwx3xg,3307035.0
waggcxa3,5627.0
wvhbk430,57335921.0
xks8bqcw,83174.0
y14spnbf,6585017.0
y9aivh0j,445.0
yhatosyv,33984.0
